From,To,Price
Фарғона,Андижон,1800.0
Фарғона,маргилон,1000.0
Фарғона,наманган,1300.0
Фарғона,поп,1400.0
Фарғона,тошкент,3000.0
Фарғона,сирдарё,3200.0
Фарғона,жиззах,3800.0
Фарғона,самарканд,4000.0
Фарғона,каттакоргон,4.5
Фарғона,карши,4000.0
Фарғона,шахрисабс,4200.0
Фарғона,термез,6000.0
Фарғона,денов,8000.0
Фарғона,навои,5000.0
Фарғона,зарафшон,4.5
Фарғона,бухара,6000.0
Фарғона,гиждуван,5700.0
Фарғона,ургенч,8000.0
Фарғона,хива,7500.0
Фарғона,нукус,7000.0
Фарғона,мойнак,4000.0
Фарғона,кокон,1400.0
Тошкент,Андижон,3.5
Тошкент,Фарғона,3000.0
Тошкент,Марғилон,3000.0
Тошкент,Наманган,3000.0
Тошкент,Поп,3200.0
Тошкент,сирдарё,2200.0
Тошкент,жиззах,4000.0
Тошкент,самарканд,4.4
Тошкент,каттакоргон,5000.0
Тошкент,карши,4000.0
Тошкент,шахрисабс,4300.0
Тошкент,термез,6000.0
Тошкент,денов,7000.0
Тошкент,навои,5000.0
Тошкент,зарафшон,5000.0
Тошкент,бухара,5300.0
Тошкент,гиждуван,4800.0
Тошкент,ургенч,7500.0
Тошкент,хива,7000.0
Тошкент,нукус,5000.0
Тошкент,мойнак,4000.0
Тошкент,кокон,3.5
Қўқон,Андижонга,1300.0
Қўқон,Фарғона,1500.0
Қўқон,Марғилон,1800.0
Қўқон,Наманган,200.0
Қўқон,Поп,1700.0
Қўқон,Тошкент,3200.0
Қўқон,Сирдарё,3500.0
Қўқон,Жиззах,4000.0
Қўқон,Самарқанд,4300.0
Қўқон,Каттақурғон,4500.0
Қўқон,Қарши,4800.0
Қўқон,Шахрисабз,5000.0
Қўқон,Термиз,8000.0
Қўқон,Денов,8000.0
Қўқон,Навои,5000.0
Қўқон,бухара,600.0
Қўқон,Зарафшон,5500.0
Қўқон,Гиждувон,5400.0
Қўқон,Урганч,8000.0
Қўқон,Хива,7500.0
Қўқон,Нукус,7000.0
Қўқон,Муйноқ,7600.0
Навои,Андижонга,4500.0
Навои,Фарғона,4300.0
Навои,Марғилон,400.0
Навои,Наманган,4100.0
Навои,Поп,3800.0
Навои,Тошкент,4000.0
Навои,Сирдарё,4000.0
Навои,Жиззах,4200.0
Навои,Самарқанд,3500.0
Навои,Каттақурғон,4000.0
Навои,Қарши,4000.0
Навои,Шахрисабз,4200.0
Навои,Термиз,6000.0
Навои,Денов,7000.0
Навои,зарафшон,4500.0
Навои,бухара,3000.0
Навои,гиждуван,3500.0
Навои,ургенч,5000.0
Навои,хива,5500.0
Навои,нукус,6000.0
Навои,мойнак,4000.0
Навои,кокон,4200.0
Марғилон,Андижонга,2200.0
Марғилон,Фарғона,1800.0
Марғилон,наманган,1700.0
Марғилон,поп,1600.0
Марғилон,тошкент,3000.0
Марғилон,сирдарё,3500.0
Марғилон,жиззах,4000.0
Марғилон,самарканд,4400.0
Марғилон,каттакоргон,5000.0
Марғилон,карши,5000.0
Марғилон,шахрисабс,4300.0
Марғилон,термез,6800.0
Марғилон,денов,7000.0
Марғилон,навои,5800.0
Марғилон,зарафшон,6000.0
Марғилон,бухара,5000.0
Марғилон,гиждуван,5300.0
Марғилон,ургенч,8000.0
Марғилон,хива,7600.0
Марғилон,нукус,6700.0
Марғилон,мойнак,4000.0
Марғилон,кокон,2000.0
Наманган,Андижонга,1300.0
Наманган,Фарғона,1500.0
Наманган,Марғилон,1700.0
Наманган,поп,1700.0
Наманган,тошкент,3000.0
Наманган,сирдарё,3500.0
Наманган,жиззах,4000.0
Наманган,самарканд,4500.0
Наманган,каттакоргон,4800.0
Наманган,карши,4600.0
Наманган,шахрисабс,4000.0
Наманган,термез,78000.0
Наманган,денов,7900.0
Наманган,навои,5000.0
Наманган,зарафшон,5300.0
Наманган,бухара,5000.0
Наманган,гиждуван,4800.0
Наманган,ургенч,8000.0
Наманган,хива,6700.0
Наманган,нукус,7200.0
Наманган,мойнак,4000.0
Наманган,кокон,1800.0
Андижон,Зомин,5000.0
фаргона,Зомин,5300.0
маргилон,Зомин,5100.0
наманган,Зомин,4800.0
поп,Зомин,4000.0
тошкент,Зомин,3600.0
сирдарё,Зомин,3800.0
жиззах,Зомин,3000.0
самарканд,Зомин,2500.0
каттакоргон,Зомин,3000.0
карши,Зомин,3200.0
шахрисабс,Зомин,3800.0
термез,Зомин,4300.0
денов,Зомин,5000.0
навои,Зомин,3600.0
зарафшон,Зомин,2500.0
бухара,Зомин,2800.0
гиждуван,Зомин,2300.0
ургенч,Зомин,5600.0
хива,Зомин,5000.0
нукус,Зомин,4500.0
мойнак,Зомин,4000.0
кокон,Зомин,5400.0
Сирдарё,Андижонга,3500.0
Сирдарё,Фарғона,3100.0
Сирдарё,Марғилон,3600.0
Сирдарё,Наманган,3200.0
Сирдарё,Поп,3000.0
Сирдарё,Тошкент,2200.0
Сирдарё,жиззах,3200.0
Сирдарё,самарканд,4300.0
Сирдарё,каттакоргон,4000.0
Сирдарё,карши,3600.0
Сирдарё,шахрисабс,4000.0
Сирдарё,термез,5000.0
Сирдарё,денов,6800.0
Сирдарё,навои,3800.0
Сирдарё,зарафшон,4000.0
Сирдарё,бухара,5000.0
Сирдарё,гиждуван,4300.0
Сирдарё,ургенч,7800.0
Сирдарё,хива,6700.0
Сирдарё,нукус,5600.0
Сирдарё,мойнак,4000.0
Сирдарё,кокон,3800.0
Поп,Андижонга,1800.0
Поп,Фарғона,1700.0
Поп,Марғилон,1300.0
Поп,Наманган,1500.0
Поп,тошкент,3200.0
Поп,сирдарё,3600.0
Поп,жиззах,4000.0
Поп,самарканд,4600.0
Поп,каттакоргон,5000.0
Поп,карши,5000.0
Поп,шахрисабс,4800.0
Поп,термез,7600.0
Поп,денов,8000.0
Поп,навои,6000.0
Поп,зарафшон,6500.0
Поп,бухара,5000.0
Поп,гиждуван,5400.0
Поп,ургенч,8600.0
Поп,хива,7800.0
Поп,нукус,6900.0
Поп,мойнак,5400.0
Поп,кокон,1800.0
Жиззах,Андижонга,4500.0
Жиззах,Фарғона,4200.0
Жиззах,Марғилон,4000.0
Жиззах,Наманган,410.0
Жиззах,Поп,4000.0
Жиззах,Тошкент,3000.0
Жиззах,Сирдарё,2800.0
Жиззах,самарканд,3000.0
Жиззах,каттакоргон,4000.0
Жиззах,карши,4000.0
Жиззах,шахрисабс,3800.0
Жиззах,термез,6500.0
Жиззах,денов,7500.0
Жиззах,навои,4000.0
Жиззах,зарафшон,4000.0
Жиззах,бухара,5400.0
Жиззах,гиждуван,5200.0
Жиззах,ургенч,7700.0
Жиззах,хива,6700.0
Жиззах,нукус,5600.0
Жиззах,мойнак,4000.0
Жиззах,кокон,4200.0
Самарқанд,Андижонга,4000.0
Самарқанд,Фарғона,4200.0
Самарқанд,Марғилон,4100.0
Самарқанд,Наманган,4000.0
Самарқанд,Поп,4000.0
Самарқанд,Тошкент,3800.0
Самарқанд,Сирдарё,3500.0
Самарқанд,Жиззах,4000.0
Самарқанд,каттакоргон,4000.0
Самарқанд,карши,3800.0
Самарқанд,шахрисабс,3900.0
Самарқанд,термез,7800.0
Самарқанд,денов,8000.0
Самарқанд,навои,5000.0
Самарқанд,зарафшон,4000.0
Самарқанд,бухара,4300.0
Самарқанд,гиждуван,4200.0
Самарқанд,ургенч,7400.0
Самарқанд,хива,6500.0
Самарқанд,нукус,6000.0
Самарқанд,мойнак,4000.0
Самарқанд,кокон,4500.0
Каттақурғон,Андижонга,4800.0
Каттақурғон,Фарғона,4500.0
Каттақурғон,Марғилон,4000.0
Каттақурғон,Наманган,4200.0
Каттақурғон,Поп,4700.0
Каттақурғон,Тошкент,4000.0
Каттақурғон,Сирдарё,3800.0
Каттақурғон,Жиззах,3500.0
Каттақурғон,Самарқанд,4300.0
Каттақурғон,карши,4200.0
Каттақурғон,шахрисабс,4000.0
Каттақурғон,термез,7600.0
Каттақурғон,денов,7000.0
Каттақурғон,навои,5000.0
Каттақурғон,зарафшон,4500.0
Каттақурғон,бухара,4700.0
Каттақурғон,гиждуван,4300.0
Каттақурғон,ургенч,5000.0
Каттақурғон,хива,4800.0
Каттақурғон,нукус,4000.0
Каттақурғон,мойнак,4500.0
Каттақурғон,кокон,5000.0
Қарши,Андижонга,5000.0
Қарши,Фарғона,4600.0
Қарши,Марғилон,5000.0
Қарши,Наманган,4800.0
Қарши,Поп,5000.0
Қарши,Тошкент,4000.0
Қарши,Сирдарё,3800.0
Қарши,Жиззах,4300.0
Қарши,Самарқанд,2800.0
Қарши,Каттақурғон,3300.0
Қарши,шахрисабс,2600.0
Қарши,термез,5500.0
Қарши,денов,6000.0
Қарши,навои,4000.0
Қарши,зарафшон,4200.0
Қарши,бухара,5000.0
Қарши,гиждуван,4700.0
Қарши,ургенч,6000.0
Қарши,хива,5800.0
Қарши,нукус,6400.0
Қарши,мойнак,5000.0
Қарши,кокон,4800.0
Шахрисабз,Андижонга,4300.0
Шахрисабз,Фарғона,4800.0
Шахрисабз,Марғилон,4000.0
Шахрисабз,Наманган,3800.0
Шахрисабз,Поп,4000.0
Шахрисабз,Тошкент,3800.0
Шахрисабз,Сирдарё,3500.0
Шахрисабз,Жиззах,4000.0
Шахрисабз,Самарқанд,3800.0
Шахрисабз,Каттақурғон,3500.0
Шахрисабз,Қарши,2800.0
Шахрисабз,термез,6000.0
Шахрисабз,денов,6500.0
Шахрисабз,навои,5000.0
Шахрисабз,зарафшон,4600.0
Шахрисабз,бухара,5000.0
Шахрисабз,гиждуван,4800.0
Шахрисабз,ургенч,6000.0
Шахрисабз,хива,6300.0
Шахрисабз,нукус,5400.0
Шахрисабз,мойнак,5000.0
Шахрисабз,кокон,5000.0
Термиз,Андижонга,8000.0
Термиз,Фарғона,7800.0
Термиз,Марғилон,8400.0
Термиз,Наманган,8300.0
Термиз,Поп,7800.0
Термиз,Тошкент,7000.0
Термиз,Сирдарё,6500.0
Термиз,Жиззах,6000.0
Термиз,Самарқанд,5500.0
Термиз,Каттақурғон,6000.0
Термиз,Қарши,6400.0
Термиз,Шахрисабз,5000.0
Термиз,денов,3500.0
Термиз,навои,4000.0
Термиз,зарафшон,6500.0
Термиз,бухара,5000.0
Термиз,гиждуван,5300.0
Термиз,ургенч,8000.0
Термиз,хива,5400.0
Термиз,нукус,5000.0
Термиз,мойнак,5300.0
Термиз,кокон,8000.0
Денов,Андижонга,8200.0
Денов,Фарғона,8000.0
Денов,Марғилон,7800.0
Денов,Наманган,8000.0
Денов,Поп,7600.0
Денов,Тошкент,6000.0
Денов,Сирдарё,5500.0
Денов,Жиззах,5400.0
Денов,Самарқанд,5500.0
Денов,Каттақурғон,5000.0
Денов,Қарши,6000.0
Денов,Шахрисабз,4000.0
Денов,Термиз,3800.0
Денов,навои,4000.0
Денов,зарафшон,4300.0
Денов,бухара,5300.0
Денов,гиждуван,5600.0
Денов,ургенч,7000.0
Денов,хива,6500.0
Денов,нукус,5000.0
Денов,мойнак,5400.0
Денов,кокон,8000.0
Зарафшон,Андижонга,5200.0
Зарафшон,Фарғона,5600.0
Зарафшон,Марғилон,5000.0
Зарафшон,Наманган,5800.0
Зарафшон,Поп,5200.0
Зарафшон,Тошкент,4000.0
Зарафшон,Сирдарё,3800.0
Зарафшон,Жиззах,42000.0
Зарафшон,Самарқанд,4100.0
Зарафшон,Каттақурғон,4000.0
Зарафшон,Қарши,3500.0
Зарафшон,Шахрисабз,4200.0
Зарафшон,Термиз,6500.0
Зарафшон,Денов,7000.0
Зарафшон,Навои,4000.0
Зарафшон,бухара,4500.0
Зарафшон,гиждуван,4200.0
Зарафшон,ургенч,8000.0
Зарафшон,хива,7600.0
Зарафшон,нукус,6700.0
Зарафшон,мойнак,5000.0
Зарафшон,кокон,6500.0
Бухоро,Андижонга,5000.0
Бухоро,Фарғона,4800.0
Бухоро,Марғилон,4000.0
Бухоро,Наманган,4400.0
Бухоро,Поп,4200.0
Бухоро,Тошкент,4000.0
Бухоро,Сирдарё,4000.0
Бухоро,Жиззах,3000.0
Бухоро,Самарқанд,3200.0
Бухоро,Каттақурғон,4000.0
Бухоро,Қарши,4200.0
Бухоро,Шахрисабз,4100.0
Бухоро,Термиз,5500.0
Бухоро,Денов,6000.0
Бухоро,Навои,3000.0
Бухоро,зарафшон,4300.0
Бухоро,гиждуван,3300.0
Бухоро,ургенч,7800.0
Бухоро,хива,6000.0
Бухоро,нукус,4000.0
Бухоро,мойнак,4000.0
Бухоро,кокон,5000.0
Гиждувон,Андижонга,5000.0
Гиждувон,Фарғона,4800.0
Гиждувон,Марғилон,5000.0
Гиждувон,Наманган,5200.0
Гиждувон,Поп,5000.0
Гиждувон,Тошкент,4000.0
Гиждувон,Сирдарё,3600.0
Гиждувон,Жиззах,3000.0
Гиждувон,Самарқанд,4000.0
Гиждувон,Каттақурғон,4200.0
Гиждувон,Қарши,3800.0
Гиждувон,Шахрисабз,3500.0
Гиждувон,Термиз,6000.0
Гиждувон,Денов,7000.0
Гиждувон,Навои,5000.0
Гиждувон,бухара,3000.0
Гиждувон,Зарафшон,3600.0
Гиждувон,ургенч,7000.0
Гиждувон,хива,6500.0
Гиждувон,нукус,6000.0
Гиждувон,мойнак,5000.0
Гиждувон,кокон,5500.0
Урганч,Андижонга,8000.0
Урганч,Фарғона,7500.0
Урганч,Марғилон,7000.0
Урганч,Наманган,7500.0
Урганч,Поп,6500.0
Урганч,Тошкент,5200.0
Урганч,Сирдарё,4800.0
Урганч,Жиззах,5000.0
Урганч,Самарқанд,5500.0
Урганч,Каттақурғон,6500.0
Урганч,Қарши,6000.0
Урганч,Шахрисабз,5500.0
Урганч,Термиз,6000.0
Урганч,Денов,6500.0
Урганч,Навои,6000.0
Урганч,бухара,5000.0
Урганч,Зарафшон,4000.0
Урганч,Гиждувон,4800.0
Урганч,хива,5000.0
Урганч,нукус,5000.0
Урганч,мойнак,5500.0
Урганч,кокон,8000.0
Хива,Андижонга,7400.0
Хива,Фарғона,8000.0
Хива,Марғилон,7200.0
Хива,Наманган,7000.0
Хива,Поп,7200.0
Хива,Тошкент,6500.0
Хива,Сирдарё,6000.0
Хива,Жиззах,4500.0
Хива,Самарқанд,5000.0
Хива,Каттақурғон,5500.0
Хива,Қарши,5800.0
Хива,Шахрисабз,6000.0
Хива,Термиз,4700.0
Хива,Денов,5000.0
Хива,Навои,6000.0
Хива,бухара,5000.0
Хива,Зарафшон,5500.0
Хива,Гиждувон,5400.0
Хива,Урганч,3500.0
Хива,нукус,5000.0
Хива,мойнак,4000.0
Хива,кокон,8000.0
Нукус,Андижонга,8000.0
Нукус,Фарғона,8200.0
Нукус,Марғилон,7800.0
Нукус,Наманган,7600.0
Нукус,Поп,7000.0
Нукус,Тошкент,5500.0
Нукус,Сирдарё,5000.0
Нукус,Жиззах,6000.0
Нукус,Самарқанд,5000.0
Нукус,Каттақурғон,5500.0
Нукус,Қарши,6000.0
Нукус,Шахрисабз,6200.0
Нукус,Термиз,5000.0
Нукус,Денов,6000.0
Нукус,Навои,6500.0
Нукус,бухара,5500.0
Нукус,Зарафшон,6000.0
Нукус,Гиждувон,6200.0
Нукус,Урганч,5000.0
Нукус,Хива,4500.0
Нукус,мойнак,4000.0
Нукус,кокон,7300.0
Муйноқ,Андижонга,800.0
Муйноқ,Фарғона,7500.0
Муйноқ,Марғилон,700.0
Муйноқ,Наманган,7200.0
Муйноқ,Поп,7000.0
Муйноқ,Тошкент,6000.0
Муйноқ,Сирдарё,6500.0
Муйноқ,Жиззах,5000.0
Муйноқ,Самарқанд,5500.0
Муйноқ,Каттақурғон,6000.0
Муйноқ,Қарши,6500.0
Муйноқ,Шахрисабз,5000.0
Муйноқ,Термиз,6000.0
Муйноқ,Денов,7600.0
Муйноқ,Навои,6500.0
Муйноқ,бухара,5000.0
Муйноқ,Зарафшон,5800.0
Муйноқ,Гиждувон,5000.0
Муйноқ,Урганч,7000.0
Муйноқ,Хива,7400.0
Муйноқ,Нукус,5000.0
Муйноқ,кокон,8000.0
Андижон,фаргонага,1200.0
Андижон,маргилон,1200.0
Андижон,наманган,1200.0
Андижон,поп,1300.0
Андижон,тошкент,3000.0
Андижон,сирдарё,3700.0
Андижон,жиззах,4.0
Андижон,каттакоргон,4.7
Андижон,карши,5000.0
Андижон,шахрисабс,500.0
Андижон,термез,5.0
Андижон,денов,56.0
Агдижон,навои,6.0
Андижон,зарафшон,6.5
Андижон,бухара,7.0
Андижон,гиждуван,7.0
Андижон,ургенч,10.0
Андижон,хива,10.0
Андижон,нукус,11.0
Андижон,мойнак,12.0
Фарғона,Андижонга,1200.0
Фарғона,маргилон,1000.0
Фарғона,наманган,1200.0
Фарғона,поп,1300.0
Фарғона,тошкент,2800.0
Фарғона,сирдарё,3200.0
Фарғона,жиззах,3400.0
Фарғона,самарканд,4000.0
Фарғона,каттакоргон,4500.0
Фарғона,карши,5000.0
Фарғона,шахрисабс,5000.0
Фарғона,термез,56.0
Фарғона,денов,56.0
Фарғона,навои,7000.0
Фарғона,зарафшон,56.0
Фарғона,бухара,56.0
Фарғона,гиждуван,56.0
Фарғона,ургенч,78.0
Фарғона,хива,9.0
Фарғона,нукус,10.0
Фарғона,мойнак,11.0
Фарғона,кокон,1200.0
Марғилон,Андижонга,1200.0
Марғилон,Фарғона,1200.0
Марғилон,наманган,1200.0
Марғилон,поп,1300.0
Марғилон,тошкент,2500.0
Марғилон,сирдарё,3200.0
Марғилон,жиззах,3600.0
Марғилон,самарканд,4000.0
Марғилон,каттакоргон,4500.0
Марғилон,карши,5000.0
Марғилон,шахрисабс,5000.0
Марғилон,термез,5500.0
Марғилон,денов,5700.0
Марғилон,навои,6500.0
Марғилон,зарафшон,6500.0
Марғилон,бухара,6700.0
Марғилон,гиждуван,6700.0
Марғилон,ургенч,7000.0
Марғилон,хива,9000.0
Марғилон,нукус,10.0
Марғилон,мойнак,11.0
Марғилон,кокон,11.0
Наманган,Андижонга,1300.0
Наманган,Фарғона,1200.0
Наманган,Марғилон,1200.0
Наманган,поп,1000.0
Наманган,тошкент,2500.0
Наманган,сирдарё,3000.0
Наманган,жиззах,3500.0
Наманган,самарканд,4000.0
Наманган,каттакоргон,4500.0
Наманган,карши,5000.0
Наманган,шахрисабс,5500.0
Наманган,термез,6000.0
Наманган,денов,6000.0
Наманган,навои,6000.0
Наманган,зарафшон,6000.0
Наманган,бухара,6000.0
Наманган,гиждуван,6500.0
Наманган,ургенч,10.0
Наманган,хива,10.0
Наманган,нукус,10.0
Наманган,мойнак,10.0
Наманган,кокон,1200.0
Поп,Андижонга,1400.0
Поп,Фарғона,1300.0
Поп,Марғилон,1200.0
Поп,Наманган,1000.0
Поп,тошкент,2500.0
Поп,сирдарё,3000.0
Поп,жиззах,3500.0
Поп,самарканд,4000.0
Поп,каттакоргон,4500.0
Поп,карши,5000.0
Поп,шахрисабс,5500.0
Поп,термез,6000.0
Поп,денов,6000.0
Поп,навои,6000.0
Поп,зарафшон,6000.0
Поп,бухара,6500.0
Поп,гиждуван,6500.0
Поп,ургенч,9000.0
Поп,хива,10.0
Поп,нукус,11.0
Поп,мойнак,11.0
Поп,кокон,11.0
Тошкент,Андижонга,3500.0
Тошкент,Фарғона,3300.0
Тошкент,Марғилон,3300.0
Тошкент,Наманган,3200.0
Тошкент,Поп,3200.0
Тошкент,сирдарё,2500.0
Тошкент,жиззах,3000.0
Тошкент,самарканд,3500.0
Тошкент,каттакоргон,4000.0
Тошкент,карши,5000.0
Тошкент,шахрисабс,5000.0
Тошкент,термез,5000.0
Тошкент,денов,5000.0
Тошкент,навои,5000.0
Тошкент,зарафшон,5000.0
Тошкент,бухара,5000.0
Тошкент,гиждуван,5000.0
Тошкент,ургенч,8000.0
Тошкент,хива,8000.0
Тошкент,нукус,9000.0
Тошкент,мойнак,10.0
Тошкент,кокон,10.0
Сирдарё,Андижонга,3600.0
Сирдарё,Фарғона,3500.0
Сирдарё,Марғилон,3400.0
Сирдарё,Наманган,3300.0
Сирдарё,Поп,3300.0
Сирдарё,Тошкент,2800.0
Сирдарё,жиззах,3000.0
Сирдарё,самарканд,3200.0
Сирдарё,каттакоргон,3400.0
Сирдарё,карши,4000.0
Сирдарё,шахрисабс,4000.0
Сирдарё,термез,4500.0
Сирдарё,денов,4500.0
Сирдарё,навои,4500.0
Сирдарё,зарафшон,5000.0
Сирдарё,бухара,50000.0
Сирдарё,гиждуван,5000.0
Сирдарё,ургенч,7500.0
Сирдарё,хива,8000.0
Сирдарё,нукус,9000.0
Сирдарё,мойнак,10.0
Сирдарё,кокон,10.0
Жиззах,Андижонга,3500.0
Жиззах,Фарғона,3300.0
Жиззах,Марғилон,3300.0
Жиззах,Наманган,3200.0
Жиззах,Поп,3200.0
Жиззах,Тошкент,2800.0
Жиззах,Сирдарё,2000.0
Жиззах,самарканд,2000.0
Жиззах,каттакоргон,2000.0
Жиззах,карши,3000.0
Жиззах,шахрисабс,3000.0
Жиззах,термез,4000.0
Жиззах,денов,4000.0
Жиззах,навои,4000.0
Жиззах,зарафшон,4000.0
Жиззах,бухара,4000.0
Жиззах,гиждуван,4000.0
Жиззах,ургенч,7000.0
Жиззах,хива,8000.0
Жиззах,нукус,8000.0
Жиззах,мойнак,8000.0
Жиззах,кокон,9000.0
Самарқанд,Андижонга,4000.0
Самарқанд,Фарғона,3700.0
Самарқанд,Марғилон,3500.0
Самарқанд,Наманган,3500.0
Самарқанд,Поп,3500.0
Самарқанд,Тошкент,3000.0
Самарқанд,Сирдарё,2500.0
Самарқанд,Жиззах,2000.0
Самарқанд,каттакоргон,2000.0
Самарқанд,карши,3000.0
Самарқанд,шахрисабс,3000.0
Самарқанд,термез,3500.0
Самарқанд,денов,3500.0
Самарқанд,навои,4000.0
Самарқанд,зарафшон,4000.0
Самарқанд,бухара,4000.0
Самарқанд,гиждуван,4000.0
Самарқанд,ургенч,6000.0
Самарқанд,хива,7000.0
Самарқанд,мойнак,7000.0
Самарқанд,кокон,7500.0
Каттақурғон,Андижонга,3600.0
Каттақурғон,Фарғона,3500.0
Каттақурғон,Марғилон,3500.0
Каттақурғон,Наманган,3200.0
Каттақурғон,Поп,3300.0
Каттақурғон,Тошкент,3000.0
Каттақурғон,Сирдарё,2600.0
Каттақурғон,Жиззах,2800.0
Каттақурғон,Самарқанд,2000.0
Каттақурғон,карши,2500.0
Каттақурғон,шахрисабс,3000.0
Каттақурғон,термез,3000.0
Каттақурғон,денов,3000.0
Каттақурғон,навои,3000.0
Каттақурғон,зарафшон,3500.0
Каттақурғон,бухара,3500.0
Каттақурғон,гиждуван,3500.0
Каттақурғон,ургенч,6000.0
Каттақурғон,хива,6000.0
Каттақурғон,нукус,7000.0
Каттақурғон,мойнак,7000.0
Каттақурғон,кокон,7500.0
Қарши,Андижонга,4000.0
Қарши,Фарғона,3800.0
Қарши,Марғилон,3800.0
Қарши,Наманган,3500.0
Қарши,Поп,3600.0
Қарши,Тошкент,3000.0
Қарши,Сирдарё,2500.0
Қарши,Жиззах,2000.0
Қарши,Самарқанд,2000.0
Қарши,Каттақурғон,2500.0
Қарши,шахрисабс,2500.0
Қарши,термез,2500.0
Қарши,денов,2500.0
Қарши,навои,3000.0
Қарши,зарафшон,3000.0
Қарши,бухара,3000.0
Қарши,гиждуван,3000.0
Қарши,ургенч,6000.0
Қарши,хива,6000.0
Қарши,нукус,6000.0
Қарши,мойнак,6000.0
Қарши,кокон,6500.0
Шахрисабз,Андижонга,4000.0
Шахрисабз,Фарғона,3800.0
Шахрисабз,Марғилон,3800.0
Шахрисабз,Наманган,3600.0
Шахрисабз,Поп,3600.0
Шахрисабз,Тошкент,3000.0
Шахрисабз,Сирдарё,2500.0
Шахрисабз,Жиззах,2200.0
Шахрисабз,Самарқанд,2000.0
Шахрисабз,Каттақурғон,2000.0
Шахрисабз,Қарши,2000.0
Шахрисабз,термез,2500.0
Шахрисабз,денов,2500.0
Шахрисабз,навои,2500.0
Шахрисабз,зарафшон,3000.0
Шахрисабз,бухара,3000.0
Шахрисабз,гиждуван,3000.0
Шахрисабз,ургенч,5000.0
Шахрисабз,хива,5000.0
Шахрисабз,нукус,600.0
Шахрисабз,мойнак,600.0
Шахрисабз,кокон,6500.0
Farg'ona,Andijon,1800.0
Farg'ona,Margilon,1000.0
Farg'ona,Namangan,1300.0
Farg'ona,Pop,1400.0
Farg'ona,Toshkent,3000.0
Farg'ona,Sirdaryo,3200.0
Farg'ona,Jizzax,3800.0
Farg'ona,Samarkand,4000.0
Farg'ona,Kattakorgon,4.5
Farg'ona,Karshi,4000.0
Farg'ona,Shaxrisabs,4200.0
Farg'ona,Termez,6000.0
Farg'ona,Denov,8000.0
Farg'ona,Navoi,5000.0
Farg'ona,Zarafshon,4.5
Farg'ona,Buxara,6000.0
Farg'ona,Gijduvan,5700.0
Farg'ona,Urgench,8000.0
Farg'ona,Xiva,7500.0
Farg'ona,Nukus,7000.0
Farg'ona,Moynak,4000.0
Farg'ona,Kokon,1400.0
Toshkent,Andijon,3.5
Toshkent,Farg'ona,3000.0
Toshkent,Marg'ilon,3000.0
Toshkent,Namangan,3000.0
Toshkent,Pop,3200.0
Toshkent,Sirdaryo,2200.0
Toshkent,Jizzax,4000.0
Toshkent,Samarkand,4.4
Toshkent,Kattakorgon,5000.0
Toshkent,Karshi,4000.0
Toshkent,Shaxrisabs,4300.0
Toshkent,Termez,6000.0
Toshkent,Denov,7000.0
Toshkent,Navoi,5000.0
Toshkent,Zarafshon,5000.0
Toshkent,Buxara,5300.0
Toshkent,Gijduvan,4800.0
Toshkent,Urgench,7500.0
Toshkent,Xiva,7000.0
Toshkent,Nukus,5000.0
Toshkent,Moynak,4000.0
Toshkent,Kokon,3.5
Qўqon,Andijonga,1300.0
Qўqon,Farg'ona,1500.0
Qўqon,Marg'ilon,1800.0
Qўqon,Namangan,200.0
Qўqon,Pop,1700.0
Qўqon,Toshkent,3200.0
Qўqon,Sirdaryo,3500.0
Qўqon,Jizzax,4000.0
Qўqon,Samarqand,4300.0
Qўqon,Kattaqurg'on,4500.0
Qўqon,Qarshi,4800.0
Qўqon,Shaxrisabz,5000.0
Qўqon,Termiz,8000.0
Qўqon,Denov,8000.0
Qўqon,Navoi,5000.0
Qўqon,Buxara,600.0
Qўqon,Zarafshon,5500.0
Qўqon,Gijduvon,5400.0
Qўqon,Urganch,8000.0
Qўqon,Xiva,7500.0
Qўqon,Nukus,7000.0
Qўqon,Muynoq,7600.0
Navoi,Andijonga,4500.0
Navoi,Farg'ona,4300.0
Navoi,Marg'ilon,400.0
Navoi,Namangan,4100.0
Navoi,Pop,3800.0
Navoi,Toshkent,4000.0
Navoi,Sirdaryo,4000.0
Navoi,Jizzax,4200.0
Navoi,Samarqand,3500.0
Navoi,Kattaqurg'on,4000.0
Navoi,Qarshi,4000.0
Navoi,Shaxrisabz,4200.0
Navoi,Termiz,6000.0
Navoi,Denov,7000.0
Navoi,Zarafshon,4500.0
Navoi,Buxara,3000.0
Navoi,Gijduvan,3500.0
Navoi,Urgench,5000.0
Navoi,Xiva,5500.0
Navoi,Nukus,6000.0
Navoi,Moynak,4000.0
Navoi,Kokon,4200.0
Marg'ilon,Andijonga,2200.0
Marg'ilon,Farg'ona,1800.0
Marg'ilon,Namangan,1700.0
Marg'ilon,Pop,1600.0
Marg'ilon,Toshkent,3000.0
Marg'ilon,Sirdaryo,3500.0
Marg'ilon,Jizzax,4000.0
Marg'ilon,Samarkand,4400.0
Marg'ilon,Kattakorgon,5000.0
Marg'ilon,Karshi,5000.0
Marg'ilon,Shaxrisabs,4300.0
Marg'ilon,Termez,6800.0
Marg'ilon,Denov,7000.0
Marg'ilon,Navoi,5800.0
Marg'ilon,Zarafshon,6000.0
Marg'ilon,Buxara,5000.0
Marg'ilon,Gijduvan,5300.0
Marg'ilon,Urgench,8000.0
Marg'ilon,Xiva,7600.0
Marg'ilon,Nukus,6700.0
Marg'ilon,Moynak,4000.0
Marg'ilon,Kokon,2000.0
Namangan,Andijonga,1300.0
Namangan,Farg'ona,1500.0
Namangan,Marg'ilon,1700.0
Namangan,Pop,1700.0
Namangan,Toshkent,3000.0
Namangan,Sirdaryo,3500.0
Namangan,Jizzax,4000.0
Namangan,Samarkand,4500.0
Namangan,Kattakorgon,4800.0
Namangan,Karshi,4600.0
Namangan,Shaxrisabs,4000.0
Namangan,Termez,78000.0
Namangan,Denov,7900.0
Namangan,Navoi,5000.0
Namangan,Zarafshon,5300.0
Namangan,Buxara,5000.0
Namangan,Gijduvan,4800.0
Namangan,Urgench,8000.0
Namangan,Xiva,6700.0
Namangan,Nukus,7200.0
Namangan,Moynak,4000.0
Namangan,Kokon,1800.0
Andijon,Zomin,5000.0
Fargona,Zomin,5300.0
Margilon,Zomin,5100.0
Namangan,Zomin,4800.0
Pop,Zomin,4000.0
Toshkent,Zomin,3600.0
Sirdaryo,Zomin,3800.0
Jizzax,Zomin,3000.0
Samarkand,Zomin,2500.0
Kattakorgon,Zomin,3000.0
Karshi,Zomin,3200.0
Shaxrisabs,Zomin,3800.0
Termez,Zomin,4300.0
Denov,Zomin,5000.0
Navoi,Zomin,3600.0
Zarafshon,Zomin,2500.0
Buxara,Zomin,2800.0
Gijduvan,Zomin,2300.0
Urgench,Zomin,5600.0
Xiva,Zomin,5000.0
Nukus,Zomin,4500.0
Moynak,Zomin,4000.0
Kokon,Zomin,5400.0
Sirdaryo,Andijonga,3500.0
Sirdaryo,Farg'ona,3100.0
Sirdaryo,Marg'ilon,3600.0
Sirdaryo,Namangan,3200.0
Sirdaryo,Pop,3000.0
Sirdaryo,Toshkent,2200.0
Sirdaryo,Jizzax,3200.0
Sirdaryo,Samarkand,4300.0
Sirdaryo,Kattakorgon,4000.0
Sirdaryo,Karshi,3600.0
Sirdaryo,Shaxrisabs,4000.0
Sirdaryo,Termez,5000.0
Sirdaryo,Denov,6800.0
Sirdaryo,Navoi,3800.0
Sirdaryo,Zarafshon,4000.0
Sirdaryo,Buxara,5000.0
Sirdaryo,Gijduvan,4300.0
Sirdaryo,Urgench,7800.0
Sirdaryo,Xiva,6700.0
Sirdaryo,Nukus,5600.0
Sirdaryo,Moynak,4000.0
Sirdaryo,Kokon,3800.0
Pop,Andijonga,1800.0
Pop,Farg'ona,1700.0
Pop,Marg'ilon,1300.0
Pop,Namangan,1500.0
Pop,Toshkent,3200.0
Pop,Sirdaryo,3600.0
Pop,Jizzax,4000.0
Pop,Samarkand,4600.0
Pop,Kattakorgon,5000.0
Pop,Karshi,5000.0
Pop,Shaxrisabs,4800.0
Pop,Termez,7600.0
Pop,Denov,8000.0
Pop,Navoi,6000.0
Pop,Zarafshon,6500.0
Pop,Buxara,5000.0
Pop,Gijduvan,5400.0
Pop,Urgench,8600.0
Pop,Xiva,7800.0
Pop,Nukus,6900.0
Pop,Moynak,5400.0
Pop,Kokon,1800.0
Jizzax,Andijonga,4500.0
Jizzax,Farg'ona,4200.0
Jizzax,Marg'ilon,4000.0
Jizzax,Namangan,410.0
Jizzax,Pop,4000.0
Jizzax,Toshkent,3000.0
Jizzax,Sirdaryo,2800.0
Jizzax,Samarkand,3000.0
Jizzax,Kattakorgon,4000.0
Jizzax,Karshi,4000.0
Jizzax,Shaxrisabs,3800.0
Jizzax,Termez,6500.0
Jizzax,Denov,7500.0
Jizzax,Navoi,4000.0
Jizzax,Zarafshon,4000.0
Jizzax,Buxara,5400.0
Jizzax,Gijduvan,5200.0
Jizzax,Urgench,7700.0
Jizzax,Xiva,6700.0
Jizzax,Nukus,5600.0
Jizzax,Moynak,4000.0
Jizzax,Kokon,4200.0
Samarqand,Andijonga,4000.0
Samarqand,Farg'ona,4200.0
Samarqand,Marg'ilon,4100.0
Samarqand,Namangan,4000.0
Samarqand,Pop,4000.0
Samarqand,Toshkent,3800.0
Samarqand,Sirdaryo,3500.0
Samarqand,Jizzax,4000.0
Samarqand,Kattakorgon,4000.0
Samarqand,Karshi,3800.0
Samarqand,Shaxrisabs,3900.0
Samarqand,Termez,7800.0
Samarqand,Denov,8000.0
Samarqand,Navoi,5000.0
Samarqand,Zarafshon,4000.0
Samarqand,Buxara,4300.0
Samarqand,Gijduvan,4200.0
Samarqand,Urgench,7400.0
Samarqand,Xiva,6500.0
Samarqand,Nukus,6000.0
Samarqand,Moynak,4000.0
Samarqand,Kokon,4500.0
Kattaqurg'on,Andijonga,4800.0
Kattaqurg'on,Farg'ona,4500.0
Kattaqurg'on,Marg'ilon,4000.0
Kattaqurg'on,Namangan,4200.0
Kattaqurg'on,Pop,4700.0
Kattaqurg'on,Toshkent,4000.0
Kattaqurg'on,Sirdaryo,3800.0
Kattaqurg'on,Jizzax,3500.0
Kattaqurg'on,Samarqand,4300.0
Kattaqurg'on,Karshi,4200.0
Kattaqurg'on,Shaxrisabs,4000.0
Kattaqurg'on,Termez,7600.0
Kattaqurg'on,Denov,7000.0
Kattaqurg'on,Navoi,5000.0
Kattaqurg'on,Zarafshon,4500.0
Kattaqurg'on,Buxara,4700.0
Kattaqurg'on,Gijduvan,4300.0
Kattaqurg'on,Urgench,5000.0
Kattaqurg'on,Xiva,4800.0
Kattaqurg'on,Nukus,4000.0
Kattaqurg'on,Moynak,4500.0
Kattaqurg'on,Kokon,5000.0
Qarshi,Andijonga,5000.0
Qarshi,Farg'ona,4600.0
Qarshi,Marg'ilon,5000.0
Qarshi,Namangan,4800.0
Qarshi,Pop,5000.0
Qarshi,Toshkent,4000.0
Qarshi,Sirdaryo,3800.0
Qarshi,Jizzax,4300.0
Qarshi,Samarqand,2800.0
Qarshi,Kattaqurg'on,3300.0
Qarshi,Shaxrisabs,2600.0
Qarshi,Termez,5500.0
Qarshi,Denov,6000.0
Qarshi,Navoi,4000.0
Qarshi,Zarafshon,4200.0
Qarshi,Buxara,5000.0
Qarshi,Gijduvan,4700.0
Qarshi,Urgench,6000.0
Qarshi,Xiva,5800.0
Qarshi,Nukus,6400.0
Qarshi,Moynak,5000.0
Qarshi,Kokon,4800.0
Shaxrisabz,Andijonga,4300.0
Shaxrisabz,Farg'ona,4800.0
Shaxrisabz,Marg'ilon,4000.0
Shaxrisabz,Namangan,3800.0
Shaxrisabz,Pop,4000.0
Shaxrisabz,Toshkent,3800.0
Shaxrisabz,Sirdaryo,3500.0
Shaxrisabz,Jizzax,4000.0
Shaxrisabz,Samarqand,3800.0
Shaxrisabz,Kattaqurg'on,3500.0
Shaxrisabz,Qarshi,2800.0
Shaxrisabz,Termez,6000.0
Shaxrisabz,Denov,6500.0
Shaxrisabz,Navoi,5000.0
Shaxrisabz,Zarafshon,4600.0
Shaxrisabz,Buxara,5000.0
Shaxrisabz,Gijduvan,4800.0
Shaxrisabz,Urgench,6000.0
Shaxrisabz,Xiva,6300.0
Shaxrisabz,Nukus,5400.0
Shaxrisabz,Moynak,5000.0
Shaxrisabz,Kokon,5000.0
Termiz,Andijonga,8000.0
Termiz,Farg'ona,7800.0
Termiz,Marg'ilon,8400.0
Termiz,Namangan,8300.0
Termiz,Pop,7800.0
Termiz,Toshkent,7000.0
Termiz,Sirdaryo,6500.0
Termiz,Jizzax,6000.0
Termiz,Samarqand,5500.0
Termiz,Kattaqurg'on,6000.0
Termiz,Qarshi,6400.0
Termiz,Shaxrisabz,5000.0
Termiz,Denov,3500.0
Termiz,Navoi,4000.0
Termiz,Zarafshon,6500.0
Termiz,Buxara,5000.0
Termiz,Gijduvan,5300.0
Termiz,Urgench,8000.0
Termiz,Xiva,5400.0
Termiz,Nukus,5000.0
Termiz,Moynak,5300.0
Termiz,Kokon,8000.0
Denov,Andijonga,8200.0
Denov,Farg'ona,8000.0
Denov,Marg'ilon,7800.0
Denov,Namangan,8000.0
Denov,Pop,7600.0
Denov,Toshkent,6000.0
Denov,Sirdaryo,5500.0
Denov,Jizzax,5400.0
Denov,Samarqand,5500.0
Denov,Kattaqurg'on,5000.0
Denov,Qarshi,6000.0
Denov,Shaxrisabz,4000.0
Denov,Termiz,3800.0
Denov,Navoi,4000.0
Denov,Zarafshon,4300.0
Denov,Buxara,5300.0
Denov,Gijduvan,5600.0
Denov,Urgench,7000.0
Denov,Xiva,6500.0
Denov,Nukus,5000.0
Denov,Moynak,5400.0
Denov,Kokon,8000.0
Zarafshon,Andijonga,5200.0
Zarafshon,Farg'ona,5600.0
Zarafshon,Marg'ilon,5000.0
Zarafshon,Namangan,5800.0
Zarafshon,Pop,5200.0
Zarafshon,Toshkent,4000.0
Zarafshon,Sirdaryo,3800.0
Zarafshon,Jizzax,42000.0
Zarafshon,Samarqand,4100.0
Zarafshon,Kattaqurg'on,4000.0
Zarafshon,Qarshi,3500.0
Zarafshon,Shaxrisabz,4200.0
Zarafshon,Termiz,6500.0
Zarafshon,Denov,7000.0
Zarafshon,Navoi,4000.0
Zarafshon,Buxara,4500.0
Zarafshon,Gijduvan,4200.0
Zarafshon,Urgench,8000.0
Zarafshon,Xiva,7600.0
Zarafshon,Nukus,6700.0
Zarafshon,Moynak,5000.0
Zarafshon,Kokon,6500.0
Buxoro,Andijonga,5000.0
Buxoro,Farg'ona,4800.0
Buxoro,Marg'ilon,4000.0
Buxoro,Namangan,4400.0
Buxoro,Pop,4200.0
Buxoro,Toshkent,4000.0
Buxoro,Sirdaryo,4000.0
Buxoro,Jizzax,3000.0
Buxoro,Samarqand,3200.0
Buxoro,Kattaqurg'on,4000.0
Buxoro,Qarshi,4200.0
Buxoro,Shaxrisabz,4100.0
Buxoro,Termiz,5500.0
Buxoro,Denov,6000.0
Buxoro,Navoi,3000.0
Buxoro,Zarafshon,4300.0
Buxoro,Gijduvan,3300.0
Buxoro,Urgench,7800.0
Buxoro,Xiva,6000.0
Buxoro,Nukus,4000.0
Buxoro,Moynak,4000.0
Buxoro,Kokon,5000.0
Gijduvon,Andijonga,5000.0
Gijduvon,Farg'ona,4800.0
Gijduvon,Marg'ilon,5000.0
Gijduvon,Namangan,5200.0
Gijduvon,Pop,5000.0
Gijduvon,Toshkent,4000.0
Gijduvon,Sirdaryo,3600.0
Gijduvon,Jizzax,3000.0
Gijduvon,Samarqand,4000.0
Gijduvon,Kattaqurg'on,4200.0
Gijduvon,Qarshi,3800.0
Gijduvon,Shaxrisabz,3500.0
Gijduvon,Termiz,6000.0
Gijduvon,Denov,7000.0
Gijduvon,Navoi,5000.0
Gijduvon,Buxara,3000.0
Gijduvon,Zarafshon,3600.0
Gijduvon,Urgench,7000.0
Gijduvon,Xiva,6500.0
Gijduvon,Nukus,6000.0
Gijduvon,Moynak,5000.0
Gijduvon,Kokon,5500.0
Urganch,Andijonga,8000.0
Urganch,Farg'ona,7500.0
Urganch,Marg'ilon,7000.0
Urganch,Namangan,7500.0
Urganch,Pop,6500.0
Urganch,Toshkent,5200.0
Urganch,Sirdaryo,4800.0
Urganch,Jizzax,5000.0
Urganch,Samarqand,5500.0
Urganch,Kattaqurg'on,6500.0
Urganch,Qarshi,6000.0
Urganch,Shaxrisabz,5500.0
Urganch,Termiz,6000.0
Urganch,Denov,6500.0
Urganch,Navoi,6000.0
Urganch,Buxara,5000.0
Urganch,Zarafshon,4000.0
Urganch,Gijduvon,4800.0
Urganch,Xiva,5000.0
Urganch,Nukus,5000.0
Urganch,Moynak,5500.0
Urganch,Kokon,8000.0
Xiva,Andijonga,7400.0
Xiva,Farg'ona,8000.0
Xiva,Marg'ilon,7200.0
Xiva,Namangan,7000.0
Xiva,Pop,7200.0
Xiva,Toshkent,6500.0
Xiva,Sirdaryo,6000.0
Xiva,Jizzax,4500.0
Xiva,Samarqand,5000.0
Xiva,Kattaqurg'on,5500.0
Xiva,Qarshi,5800.0
Xiva,Shaxrisabz,6000.0
Xiva,Termiz,4700.0
Xiva,Denov,5000.0
Xiva,Navoi,6000.0
Xiva,Buxara,5000.0
Xiva,Zarafshon,5500.0
Xiva,Gijduvon,5400.0
Xiva,Urganch,3500.0
Xiva,Nukus,5000.0
Xiva,Moynak,4000.0
Xiva,Kokon,8000.0
Nukus,Andijonga,8000.0
Nukus,Farg'ona,8200.0
Nukus,Marg'ilon,7800.0
Nukus,Namangan,7600.0
Nukus,Pop,7000.0
Nukus,Toshkent,5500.0
Nukus,Sirdaryo,5000.0
Nukus,Jizzax,6000.0
Nukus,Samarqand,5000.0
Nukus,Kattaqurg'on,5500.0
Nukus,Qarshi,6000.0
Nukus,Shaxrisabz,6200.0
Nukus,Termiz,5000.0
Nukus,Denov,6000.0
Nukus,Navoi,6500.0
Nukus,Buxara,5500.0
Nukus,Zarafshon,6000.0
Nukus,Gijduvon,6200.0
Nukus,Urganch,5000.0
Nukus,Xiva,4500.0
Nukus,Moynak,4000.0
Nukus,Kokon,7300.0
Muynoq,Andijonga,800.0
Muynoq,Farg'ona,7500.0
Muynoq,Marg'ilon,700.0
Muynoq,Namangan,7200.0
Muynoq,Pop,7000.0
Muynoq,Toshkent,6000.0
Muynoq,Sirdaryo,6500.0
Muynoq,Jizzax,5000.0
Muynoq,Samarqand,5500.0
Muynoq,Kattaqurg'on,6000.0
Muynoq,Qarshi,6500.0
Muynoq,Shaxrisabz,5000.0
Muynoq,Termiz,6000.0
Muynoq,Denov,7600.0
Muynoq,Navoi,6500.0
Muynoq,Buxara,5000.0
Muynoq,Zarafshon,5800.0
Muynoq,Gijduvon,5000.0
Muynoq,Urganch,7000.0
Muynoq,Xiva,7400.0
Muynoq,Nukus,5000.0
Muynoq,Kokon,8000.0
Andijon,Fargonaga,1200.0
Andijon,Margilon,1200.0
Andijon,Namangan,1200.0
Andijon,Pop,1300.0
Andijon,Toshkent,3000.0
Andijon,Sirdaryo,3700.0
Andijon,Jizzax,4.0
Andijon,Kattakorgon,4.7
Andijon,Karshi,5000.0
Andijon,Shaxrisabs,500.0
Andijon,Termez,5.0
Andijon,Denov,56.0
Agdijon,Navoi,6.0
Andijon,Zarafshon,6.5
Andijon,Buxara,7.0
Andijon,Gijduvan,7.0
Andijon,Urgench,10.0
Andijon,Xiva,10.0
Andijon,Nukus,11.0
Andijon,Moynak,12.0
Farg'ona,Andijonga,1200.0
Farg'ona,Margilon,1000.0
Farg'ona,Namangan,1200.0
Farg'ona,Pop,1300.0
Farg'ona,Toshkent,2800.0
Farg'ona,Sirdaryo,3200.0
Farg'ona,Jizzax,3400.0
Farg'ona,Samarkand,4000.0
Farg'ona,Kattakorgon,4500.0
Farg'ona,Karshi,5000.0
Farg'ona,Shaxrisabs,5000.0
Farg'ona,Termez,56.0
Farg'ona,Denov,56.0
Farg'ona,Navoi,7000.0
Farg'ona,Zarafshon,56.0
Farg'ona,Buxara,56.0
Farg'ona,Gijduvan,56.0
Farg'ona,Urgench,78.0
Farg'ona,Xiva,9.0
Farg'ona,Nukus,10.0
Farg'ona,Moynak,11.0
Farg'ona,Kokon,1200.0
Marg'ilon,Andijonga,1200.0
Marg'ilon,Farg'ona,1200.0
Marg'ilon,Namangan,1200.0
Marg'ilon,Pop,1300.0
Marg'ilon,Toshkent,2500.0
Marg'ilon,Sirdaryo,3200.0
Marg'ilon,Jizzax,3600.0
Marg'ilon,Samarkand,4000.0
Marg'ilon,Kattakorgon,4500.0
Marg'ilon,Karshi,5000.0
Marg'ilon,Shaxrisabs,5000.0
Marg'ilon,Termez,5500.0
Marg'ilon,Denov,5700.0
Marg'ilon,Navoi,6500.0
Marg'ilon,Zarafshon,6500.0
Marg'ilon,Buxara,6700.0
Marg'ilon,Gijduvan,6700.0
Marg'ilon,Urgench,7000.0
Marg'ilon,Xiva,9000.0
Marg'ilon,Nukus,10.0
Marg'ilon,Moynak,11.0
Marg'ilon,Kokon,11.0
Namangan,Andijonga,1300.0
Namangan,Farg'ona,1200.0
Namangan,Marg'ilon,1200.0
Namangan,Pop,1000.0
Namangan,Toshkent,2500.0
Namangan,Sirdaryo,3000.0
Namangan,Jizzax,3500.0
Namangan,Samarkand,4000.0
Namangan,Kattakorgon,4500.0
Namangan,Karshi,5000.0
Namangan,Shaxrisabs,5500.0
Namangan,Termez,6000.0
Namangan,Denov,6000.0
Namangan,Navoi,6000.0
Namangan,Zarafshon,6000.0
Namangan,Buxara,6000.0
Namangan,Gijduvan,6500.0
Namangan,Urgench,10.0
Namangan,Xiva,10.0
Namangan,Nukus,10.0
Namangan,Moynak,10.0
Namangan,Kokon,1200.0
Pop,Andijonga,1400.0
Pop,Farg'ona,1300.0
Pop,Marg'ilon,1200.0
Pop,Namangan,1000.0
Pop,Toshkent,2500.0
Pop,Sirdaryo,3000.0
Pop,Jizzax,3500.0
Pop,Samarkand,4000.0
Pop,Kattakorgon,4500.0
Pop,Karshi,5000.0
Pop,Shaxrisabs,5500.0
Pop,Termez,6000.0
Pop,Denov,6000.0
Pop,Navoi,6000.0
Pop,Zarafshon,6000.0
Pop,Buxara,6500.0
Pop,Gijduvan,6500.0
Pop,Urgench,9000.0
Pop,Xiva,10.0
Pop,Nukus,11.0
Pop,Moynak,11.0
Pop,Kokon,11.0
Toshkent,Andijonga,3500.0
Toshkent,Farg'ona,3300.0
Toshkent,Marg'ilon,3300.0
Toshkent,Namangan,3200.0
Toshkent,Pop,3200.0
Toshkent,Sirdaryo,2500.0
Toshkent,Jizzax,3000.0
Toshkent,Samarkand,3500.0
Toshkent,Kattakorgon,4000.0
Toshkent,Karshi,5000.0
Toshkent,Shaxrisabs,5000.0
Toshkent,Termez,5000.0
Toshkent,Denov,5000.0
Toshkent,Navoi,5000.0
Toshkent,Zarafshon,5000.0
Toshkent,Buxara,5000.0
Toshkent,Gijduvan,5000.0
Toshkent,Urgench,8000.0
Toshkent,Xiva,8000.0
Toshkent,Nukus,9000.0
Toshkent,Moynak,10.0
Toshkent,Kokon,10.0
Sirdaryo,Andijonga,3600.0
Sirdaryo,Farg'ona,3500.0
Sirdaryo,Marg'ilon,3400.0
Sirdaryo,Namangan,3300.0
Sirdaryo,Pop,3300.0
Sirdaryo,Toshkent,2800.0
Sirdaryo,Jizzax,3000.0
Sirdaryo,Samarkand,3200.0
Sirdaryo,Kattakorgon,3400.0
Sirdaryo,Karshi,4000.0
Sirdaryo,Shaxrisabs,4000.0
Sirdaryo,Termez,4500.0
Sirdaryo,Denov,4500.0
Sirdaryo,Navoi,4500.0
Sirdaryo,Zarafshon,5000.0
Sirdaryo,Buxara,50000.0
Sirdaryo,Gijduvan,5000.0
Sirdaryo,Urgench,7500.0
Sirdaryo,Xiva,8000.0
Sirdaryo,Nukus,9000.0
Sirdaryo,Moynak,10.0
Sirdaryo,Kokon,10.0
Jizzax,Andijonga,3500.0
Jizzax,Farg'ona,3300.0
Jizzax,Marg'ilon,3300.0
Jizzax,Namangan,3200.0
Jizzax,Pop,3200.0
Jizzax,Toshkent,2800.0
Jizzax,Sirdaryo,2000.0
Jizzax,Samarkand,2000.0
Jizzax,Kattakorgon,2000.0
Jizzax,Karshi,3000.0
Jizzax,Shaxrisabs,3000.0
Jizzax,Termez,4000.0
Jizzax,Denov,4000.0
Jizzax,Navoi,4000.0
Jizzax,Zarafshon,4000.0
Jizzax,Buxara,4000.0
Jizzax,Gijduvan,4000.0
Jizzax,Urgench,7000.0
Jizzax,Xiva,8000.0
Jizzax,Nukus,8000.0
Jizzax,Moynak,8000.0
Jizzax,Kokon,9000.0
Samarqand,Andijonga,4000.0
Samarqand,Farg'ona,3700.0
Samarqand,Marg'ilon,3500.0
Samarqand,Namangan,3500.0
Samarqand,Pop,3500.0
Samarqand,Toshkent,3000.0
Samarqand,Sirdaryo,2500.0
Samarqand,Jizzax,2000.0
Samarqand,Kattakorgon,2000.0
Samarqand,Karshi,3000.0
Samarqand,Shaxrisabs,3000.0
Samarqand,Termez,3500.0
Samarqand,Denov,3500.0
Samarqand,Navoi,4000.0
Samarqand,Zarafshon,4000.0
Samarqand,Buxara,4000.0
Samarqand,Gijduvan,4000.0
Samarqand,Urgench,6000.0
Samarqand,Xiva,7000.0
Samarqand,Moynak,7000.0
Samarqand,Kokon,7500.0
Kattaqurg'on,Andijonga,3600.0
Kattaqurg'on,Farg'ona,3500.0
Kattaqurg'on,Marg'ilon,3500.0
Kattaqurg'on,Namangan,3200.0
Kattaqurg'on,Pop,3300.0
Kattaqurg'on,Toshkent,3000.0
Kattaqurg'on,Sirdaryo,2600.0
Kattaqurg'on,Jizzax,2800.0
Kattaqurg'on,Samarqand,2000.0
Kattaqurg'on,Karshi,2500.0
Kattaqurg'on,Shaxrisabs,3000.0
Kattaqurg'on,Termez,3000.0
Kattaqurg'on,Denov,3000.0
Kattaqurg'on,Navoi,3000.0
Kattaqurg'on,Zarafshon,3500.0
Kattaqurg'on,Buxara,3500.0
Kattaqurg'on,Gijduvan,3500.0
Kattaqurg'on,Urgench,6000.0
Kattaqurg'on,Xiva,6000.0
Kattaqurg'on,Nukus,7000.0
Kattaqurg'on,Moynak,7000.0
Kattaqurg'on,Kokon,7500.0
Qarshi,Andijonga,4000.0
Qarshi,Farg'ona,3800.0
Qarshi,Marg'ilon,3800.0
Qarshi,Namangan,3500.0
Qarshi,Pop,3600.0
Qarshi,Toshkent,3000.0
Qarshi,Sirdaryo,2500.0
Qarshi,Jizzax,2000.0
Qarshi,Samarqand,2000.0
Qarshi,Kattaqurg'on,2500.0
Qarshi,Shaxrisabs,2500.0
Qarshi,Termez,2500.0
Qarshi,Denov,2500.0
Qarshi,Navoi,3000.0
Qarshi,Zarafshon,3000.0
Qarshi,Buxara,3000.0
Qarshi,Gijduvan,3000.0
Qarshi,Urgench,6000.0
Qarshi,Xiva,6000.0
Qarshi,Nukus,6000.0
Qarshi,Moynak,6000.0
Qarshi,Kokon,6500.0
Shaxrisabz,Andijonga,4000.0
Shaxrisabz,Farg'ona,3800.0
Shaxrisabz,Marg'ilon,3800.0
Shaxrisabz,Namangan,3600.0
Shaxrisabz,Pop,3600.0
Shaxrisabz,Toshkent,3000.0
Shaxrisabz,Sirdaryo,2500.0
Shaxrisabz,Jizzax,2200.0
Shaxrisabz,Samarqand,2000.0
Shaxrisabz,Kattaqurg'on,2000.0
Shaxrisabz,Qarshi,2000.0
Shaxrisabz,Termez,2500.0
Shaxrisabz,Denov,2500.0
Shaxrisabz,Navoi,2500.0
Shaxrisabz,Zarafshon,3000.0
Shaxrisabz,Buxara,3000.0
Shaxrisabz,Gijduvan,3000.0
Shaxrisabz,Urgench,5000.0
Shaxrisabz,Xiva,5000.0
Shaxrisabz,Nukus,600.0
Shaxrisabz,Moynak,600.0
Shaxrisabz,Kokon,6500.0
